{"cameraMode":{"drawMode":0,"name":"Shaded","section":"Shading Mode"},"sceneLighting":true,"audioPlay":false,"sceneViewState":{"m_AlwaysRefresh":false,"showFog":true,"showSkybox":true,"showFlares":true,"showImageEffects":true,"showParticleSystems":true,"showVisualEffectGraphs":true,"m_FxEnabled":true},"in2DMode":false,"pivot":{"x":0.17936891317367555,"y":0.25799989700317385,"z":0.37044239044189455},"rotation":{"x":-0.14083939790725709,"y":-0.0038646727334707977,"z":0.0005498756072483957,"w":-0.9900286197662354},"size":3.5789644718170168,"orthographic":false}